['<name> LoneWolf London Dry Gin 70cl 40% ABV - Made by BrewDog Distilling Co in Scotland - Lavender and Citrus Notes with a Fierce Juniper Backbone </name>, <price> £20.00 </price>, <rating> 4.8 out of 5 stars </rating>']
["<name> Hayman's Old Tom Gin 70 cl | Citrus Subtle Sweetness Smooth Flavoured Gin | Multi Award-Winning Old Tom Gin | 41.4% ABV </name>, <price> £22.00 </price>, <rating> 4.7 out of 5 stars </rating>"]
['<name> Aviation American Gin 700ml </name>, <price> £25.00 </price>, <rating> 4.8 out of 5 stars </rating>']
["<name> Tarquin's Handcrafted Cornish Dry Gin 70 cl </name>, <price> £30.00 </price>, <rating> 4.9 out of 5 stars </rating>"]
['<name> Bombay Sapphire London Dry Gin 70 cl </name>, <price> £17.00 </price>, <rating> 4.8 out of 5 stars </rating>']
['<name> Roku Japanese Craft Gin 70cl </name>, <price> £25.00 </price>, <rating> 4.8 out of 5 stars </rating>']
['<name> LoneWolf London Dry Gin 70cl 40% ABV - Made by BrewDog Distilling Co in Scotland - Lavender and Citrus Notes with a Fierce Juniper Backbone </name>, <price> £20.00 </price>, <rating> 4.8 out of 5 stars </rating>']
["<name> Hayman's Old Tom Gin 70 cl | Citrus Subtle Sweetness Smooth Flavoured Gin | Multi Award-Winning Old Tom Gin | 41.4% ABV </name>, <price> £22.00 </price>, <rating> 4.7 out of 5 stars </rating>"]
['<name> Aviation American Gin 700ml </name>, <price> £25.00 </price>, <rating> 4.8 out of 5 stars </rating>']
["<name> Tarquin's Handcrafted Cornish Dry Gin 70 cl </name>, <price> £30.00 </price>, <rating> 4.9 out of 5 stars </rating>"]
['<name> Bombay Sapphire London Dry Gin 70 cl </name>, <price> £17.00 </price>, <rating> 4.8 out of 5 stars </rating>']
['<name> Roku Japanese Craft Gin 70cl </name>, <price> £25.00 </price>, <rating> 4.8 out of 5 stars </rating>']
['<name> LoneWolf London Dry Gin 70cl 40% ABV - Made by BrewDog Distilling Co in Scotland - Lavender and Citrus Notes with a Fierce Juniper Backbone </name>, <price> £20.00 </price>, <rating> 4.8 out of 5 stars </rating>']
["<name> Hayman's Old Tom Gin 70 cl | Citrus Subtle Sweetness Smooth Flavoured Gin | Multi Award-Winning Old Tom Gin | 41.4% ABV </name>, <price> £22.00 </price>, <rating> 4.7 out of 5 stars </rating>"]
['<name> Aviation American Gin 700ml </name>, <price> £25.00 </price>, <rating> 4.8 out of 5 stars </rating>']
["<name> Tarquin's Handcrafted Cornish Dry Gin 70 cl </name>, <price> £30.00 </price>, <rating> 4.9 out of 5 stars </rating>"]
['<name> Bombay Sapphire London Dry Gin 70 cl </name>, <price> £17.00 </price>, <rating> 4.8 out of 5 stars </rating>']
['<name> Roku Japanese Craft Gin 70cl </name>, <price> £25.00 </price>, <rating> 4.8 out of 5 stars </rating>']
['<name> LoneWolf London Dry Gin 70cl 40% ABV - Made by BrewDog Distilling Co in Scotland - Lavender and Citrus Notes with a Fierce Juniper Backbone </name>, <price> £20.00 </price>, <rating> 4.8 out of 5 stars </rating>']
["<name> Hayman's Old Tom Gin 70 cl | Citrus Subtle Sweetness Smooth Flavoured Gin | Multi Award-Winning Old Tom Gin | 41.4% ABV </name>, <price> £22.00 </price>, <rating> 4.7 out of 5 stars </rating>"]
['<name> Aviation American Gin 700ml </name>, <price> £25.00 </price>, <rating> 4.8 out of 5 stars </rating>']
["<name> Tarquin's Handcrafted Cornish Dry Gin 70 cl </name>, <price> £30.00 </price>, <rating> 4.9 out of 5 stars </rating>"]
['<name> Bombay Sapphire London Dry Gin 70 cl </name>, <price> £17.00 </price>, <rating> 4.8 out of 5 stars </rating>']
['<name> Roku Japanese Craft Gin 70cl </name>, <price> £25.00 </price>, <rating> 4.8 out of 5 stars </rating>']
['<name> LoneWolf London Dry Gin 70cl 40% ABV - Made by BrewDog Distilling Co in Scotland - Lavender and Citrus Notes with a Fierce Juniper Backbone </name>, <price> £20.00 </price>, <rating> 4.8 out of 5 stars </rating>']
["<name> Hayman's Old Tom Gin 70 cl | Citrus Subtle Sweetness Smooth Flavoured Gin | Multi Award-Winning Old Tom Gin | 41.4% ABV </name>, <price> £22.00 </price>, <rating> 4.7 out of 5 stars </rating>"]
['<name> Aviation American Gin 700ml </name>, <price> £25.00 </price>, <rating> 4.8 out of 5 stars </rating>']
["<name> Tarquin's Handcrafted Cornish Dry Gin 70 cl </name>, <price> £30.00 </price>, <rating> 4.9 out of 5 stars </rating>"]
['<name> Bombay Sapphire London Dry Gin 70 cl </name>, <price> £17.00 </price>, <rating> 4.8 out of 5 stars </rating>']
['<name> Roku Japanese Craft Gin 70cl </name>, <price> £25.00 </price>, <rating> 4.8 out of 5 stars </rating>']
['<name> LoneWolf London Dry Gin 70cl 40% ABV - Made by BrewDog Distilling Co in Scotland - Lavender and Citrus Notes with a Fierce Juniper Backbone </name>, <price> £20.00 </price>, <rating> 4.8 out of 5 stars </rating>']
["<name> Hayman's Old Tom Gin 70 cl | Citrus Subtle Sweetness Smooth Flavoured Gin | Multi Award-Winning Old Tom Gin | 41.4% ABV </name>, <price> £22.00 </price>, <rating> 4.7 out of 5 stars </rating>"]
['<name> Aviation American Gin 700ml </name>, <price> £25.00 </price>, <rating> 4.8 out of 5 stars </rating>']
["<name> Tarquin's Handcrafted Cornish Dry Gin 70 cl </name>, <price> £30.00 </price>, <rating> 4.9 out of 5 stars </rating>"]
['<name> Bombay Sapphire London Dry Gin 70 cl </name>, <price> £17.00 </price>, <rating> 4.8 out of 5 stars </rating>']
['<name> Roku Japanese Craft Gin 70cl </name>, <price> £25.00 </price>, <rating> 4.8 out of 5 stars </rating>']
['<name> LoneWolf London Dry Gin 70cl 40% ABV - Made by BrewDog Distilling Co in Scotland - Lavender and Citrus Notes with a Fierce Juniper Backbone </name>, <price> £20.00 </price>, <rating> 4.8 out of 5 stars </rating>']
["<name> Hayman's Old Tom Gin 70 cl | Citrus Subtle Sweetness Smooth Flavoured Gin | Multi Award-Winning Old Tom Gin | 41.4% ABV </name>, <price> £22.00 </price>, <rating> 4.7 out of 5 stars </rating>"]
['<name> Aviation American Gin 700ml </name>, <price> £25.00 </price>, <rating> 4.8 out of 5 stars </rating>']
["<name> Tarquin's Handcrafted Cornish Dry Gin 70 cl </name>, <price> £30.00 </price>, <rating> 4.9 out of 5 stars </rating>"]
['<name> Bombay Sapphire London Dry Gin 70 cl </name>, <price> £17.00 </price>, <rating> 4.8 out of 5 stars </rating>']
['<name> Roku Japanese Craft Gin 70cl </name>, <price> £25.00 </price>, <rating> 4.8 out of 5 stars </rating>']
